ticketNumber,barcodeNumber,firstName,lastname
1,723751,Kylynn,Davidson
2,414146,Hamilton,Beasley
3,308953,Blaze,Raymond
4,623625,Ima,Malone
5,327813,Francis,Sargent
6,601027,Odette,Chang
7,489411,Tate,Goff
8,214870,James,Lester
9,573603,Quin,Browning
10,188072,Orla,Emerson
11,767915,Ignacia,Sexton
12,968393,Priscilla,Craig
13,128695,Yvonne,Frye
14,799197,Kylee,Puckett
15,406792,Riley,Blackburn
16,245352,Gisela,Rose
17,391850,Rana,Osborne
18,700269,Tatiana,Case
19,283552,Idona,Vasquez
20,379324,Justine,Mueller
21,617249,Darrel,Blackburn
22,467496,Clinton,Sharpe
23,652399,Dacey,Savage
24,933633,Abel,Haney
25,705414,Gage,Coleman
26,770561,Joel,Lott
27,588600,Ria,Garcia
28,315843,Jared,David
29,452375,Medge,Morin
30,381266,Wyatt,Carroll
31,960971,Keely,Harrison
32,137463,Veda,Mckinney
33,880443,Kenyon,Sexton
34,721089,Jared,Sharp
35,171913,Bryar,Chen
36,338508,Stone,Murphy
37,821900,Hoyt,Humphrey
38,222612,Marny,Vazquez
39,422182,Alexis,Mcclain
40,994213,Freya,Lott
41,237890,Elaine,Blackburn
42,587794,Felicia,Aguilar
43,234541,Channing,Lowe
44,973495,Stacey,Allen
45,826074,Victoria,Carlson
46,976850,Chester,Ashley
47,671174,Zenia,Holland
48,189786,Brenda,Blanchard
49,121844,Jason,Brock
50,639791,Jameson,Holmes
51,234062,Lisandra,Petty
52,299684,Byron,Barr
53,304154,Dustin,Davenport
54,788761,Deacon,Boyle
55,798248,Angelica,Bailey
56,926921,Alexis,Daniels
57,945339,McKenzie,Cummings
58,442104,Paul,Gay
59,510837,Porter,Roy
60,603913,Giacomo,Eaton
61,991489,Jonas,Stafford
62,745647,Nicholas,Aguirre
63,781628,Unity,Finch
64,979876,Morgan,Lindsay
65,172591,Jael,Mcdaniel
66,198354,Haley,Mendoza
67,395674,Faith,Evans
68,586450,Mufutau,Atkins
69,882183,Bryar,Roberts
70,705057,Naida,Caldwell
71,938174,Mollie,Michael
72,819424,Hector,Garner
73,825490,Caleb,Dotson
74,190914,Brianna,Wade
75,666970,Cheyenne,Harmon
76,301953,Elliott,Rhodes
77,850493,Lunea,Blackwell
78,205986,Caleb,Reilly
79,224884,Aidan,Taylor
80,917923,Morgan,Mcclain
81,147114,Lydia,Eaton
82,702078,Honorato,Munoz
83,993608,Colette,Russell
84,325859,Erica,Villarreal
85,265370,Vance,Burris
86,610391,Cailin,Herrera
87,398953,Yasir,Ayala
88,465285,Avram,Church
89,251491,Coby,Collier
90,157298,Brenda,Stein
91,675508,Candice,Joyner
92,908720,Ryder,Taylor
93,602583,Ross,Bruce
94,427614,Anne,Henson
95,363687,Dai,Gillespie
96,472285,Reese,Joyner
97,840650,Breanna,Hunt
98,864458,Karina,Long
99,130158,Michelle,Rasmussen
100,297713,Olga,Stark
101,183291,Grace,Ayers
102,613955,Demetrius,Slater
103,520242,Robert,Nichols
104,616532,Carson,Phelps
105,982628,Ivy,Weeks
106,396612,Shoshana,Ramsey
107,827105,Miriam,Spence
108,346822,Kaye,Hammond
109,828417,Kiayada,Beach
110,607885,Piper,Robbins
111,492040,Scott,Campbell
112,516883,Hilda,Hart
113,384495,Slade,Cote
114,977372,Indigo,Guthrie
115,732484,Howard,Sawyer
116,692981,Orlando,Nunez
117,469254,Kennedy,Gould
118,349146,Rigel,Strickland
119,686831,Luke,Hodge
120,733802,Cassandra,Cobb
121,536244,Lila,Arnold
122,658557,Anika,Hines
123,120572,Grant,Finch
124,302650,Galena,Perkins
125,632406,Allistair,Cain
126,473527,Nash,Spence
127,187188,Beatrice,Head
128,502928,Graham,Craft
129,396316,Addison,Saunders
130,775291,Noah,Wooten
131,937564,Chase,Mccullough
132,955317,Rigel,Morin
133,442504,Rosalyn,Aguilar
134,697147,Ali,Glass
135,446888,MacKensie,Hammond
136,563246,Alec,Bird
137,442832,Blossom,Chang
138,801642,Kimberly,Leach
139,986497,Stella,Lindsay
140,825815,Macey,Donaldson
141,816370,Kieran,Holland
142,450204,Josiah,Diaz
143,133087,Steel,Baxter
144,138405,Keely,Bonner
145,443530,Tiger,Padilla
146,780946,Hyatt,Peterson
147,843634,Rebecca,Shaffer
148,989739,Lacy,Hansen
149,568408,Kiona,Duke
150,155362,Ginger,Stephenson
151,373291,Callie,Hill
152,758440,Keely,Vasquez
153,969368,Kirsten,Romero
154,126645,Leila,Gallagher
155,199591,Winter,Decker
156,820609,Nola,Morrow
157,574339,Kennan,Holmes
158,425748,Keane,Adams
159,766651,Amal,Madden
160,993367,Barry,Tyler
161,881186,Harrison,Bender
162,367674,Bradley,Mcdonald
163,297035,Aurora,Carney
164,111776,Belle,Poole
165,397932,Chloe,Ortiz
166,602392,Zephania,Heath
167,288401,Karina,Ward
168,676570,Stacey,Jacobs
169,679652,Louis,Knowles
170,284146,Lilah,Mckay
171,204755,Jared,Wong
172,257851,Phoebe,Bray
173,782526,Wynter,Clayton
174,911868,Wyoming,Estrada
175,673171,Elaine,Jacobson
176,398854,Selma,Hutchinson
177,758754,Alvin,Winters
178,707614,Mira,Sims
179,235175,Farrah,Huffman
180,687624,Kalia,Beard
181,331434,Lynn,Lara
182,317674,Rama,Evans
183,404785,Kelsey,Dickerson
184,562134,Iola,Copeland
185,805256,Arthur,Keith
186,333743,Heather,Garrett
187,745983,Brenna,Gross
188,727426,Reece,Barrett
189,592709,Veda,Grant
190,997374,Lavinia,Stanley
191,157009,Samantha,Joseph
192,619469,April,Dyer
193,863538,Hayfa,Roth
194,186253,Tate,Delaney
195,366057,Mohammad,Foreman
196,800883,Vanna,Osborne
197,204234,Marny,Sanford
198,531179,Gail,Mcleod
199,569399,Summer,Little
200,887436,Stone,Burgess